ring_size,delta_H
4,-135.00815178100552
5,-39.881602073669434
6,-39.6522271733284
7,-43.1275729157584
8,-53.91813263750077
9,-55.587087743997586
10,-39.251013321348594
11,-36.43456484270095
