ring_size,delta_S
4,-191.33077809739865
5,-177.16426991539026
6,-175.2903911757317
7,-168.39843103514994
8,-165.38625500912258
9,-169.87481462775827
10,-169.12693626528088
11,-175.19299086599975
