ring_size,delta_S
4,-189.01890426511298
5,-134.658159781676
6,-143.94249724916025
7,-168.91452863057833
8,-193.455394991694
9,-206.4787603797581
10,-163.33602324813788
11,-198.36095962714262
