ring_size,delta_H
4,-129.9053413729838
5,-27.1145148279305
6,-37.052723776070664
7,-40.46030303497187
8,-58.25728269919328
9,-49.93913203313947
10,-39.99199853311691
11,-30.71671209319255
