ring_size,delta_S
4,-172.0935091249573
5,-180.59725417865974
6,-171.61319917833856
7,-170.97390659635585
8,-167.21602172645117
9,-173.62593770140683
10,-170.95462220471615
11,-173.561217974201
