ring_size,delta_S
4,-172.02572856465673
5,-170.84867805981872
6,-169.1158045886246
7,-168.8628749466888
8,-163.60068542245796
9,-169.25520855336092
10,-170.26787533721037
11,-155.99712941173976
