ring_size,delta_H
4,-146.0866380485163
5,-17.86932284041228
6,-31.0387584556868
7,-58.087665869592556
8,-77.49793567692595
9,-48.807580420539836
10,-43.5062530566869
11,-42.58628746060815
